Date,Buy Close Sell Open - Profit
1/1/2015,6.18
1/2/2015,-0.95
1/3/2015,33.77
1/4/2015,16.95
1/5/2015,-9.39
1/6/2015,-11.58
1/7/2015,-8.26
1/8/2015,10.79
1/9/2015,-8.03
1/10/2015,12.50
1/11/2015,8.95
1/12/2015,-1.65
1/13/2015,41.53
1/14/2015,45.79
1/15/2015,-32.94
1/16/2015,0.97
1/17/2015,8.57
1/18/2015,-10.29
1/19/2015,-3.39
1/20/2015,1.59
1/21/2015,-15.52
1/22/2015,-6.09
1/23/2015,0.64
1/24/2015,-15.15
1/25/2015,-6.37
1/26/2015,-19.39
1/27/2015,9.69
1/28/2015,29.44
1/29/2015,-0.16
1/30/2015,6.34
1/31/2015,8.98
2/1/2015,-10.10
2/2/2015,-11.74
2/3/2015,10.18
2/4/2015,0.66
2/5/2015,10.55
2/6/2015,-5.35
2/7/2015,-5.12
2/8/2015,4.28
2/9/2015,3.28
2/10/2015,0.44
2/11/2015,0.55
2/12/2015,-2.55
2/13/2015,-13.46
2/14/2015,-21.79
2/15/2015,22.69
2/16/2015,0.98
2/17/2015,-10.19
2/18/2015,7.45
2/19/2015,-3.87
2/20/2015,-3.53
2/21/2015,-0.78
2/22/2015,8.56
2/23/2015,-2.90
2/24/2015,0.26
2/25/2015,1.42
2/26/2015,0.91
2/27/2015,-17.39
2/28/2015,-0.74
3/1/2015,-5.92
3/2/2015,-15.31
3/3/2015,-6.65
3/4/2015,8.90
3/5/2015,-3.44
3/6/2015,2.88
3/7/2015,-3.97
3/8/2015,2.08
3/9/2015,-14.80
3/10/2015,-1.90
3/11/2015,-4.86
3/12/2015,1.78
3/13/2015,8.78
3/14/2015,2.55
3/15/2015,-4.97
3/16/2015,-4.91
3/17/2015,5.09
3/18/2015,28.77
3/19/2015,-5.05
3/20/2015,-0.79
3/21/2015,1.62
3/22/2015,-8.04
3/23/2015,1.15
3/24/2015,20.98
3/25/2015,1.27
3/26/2015,-2.25
3/27/2015,1.54
3/28/2015,-5.82
3/29/2015,10.03
3/30/2015,-4.65
3/31/2015,3.23
4/1/2015,-3.05
4/2/2015,-5.92
4/3/2015,-1.25
4/4/2015,0.59
4/5/2015,-6.84
4/6/2015,5.23
4/7/2015,2.09
4/8/2015,8.04
4/9/2015,1.07
4/10/2015,7.62
4/11/2015,-0.53
4/12/2015,0.39
4/13/2015,11.36
4/14/2015,5.60
4/15/2015,-4.76
4/16/2015,-4.65
4/17/2015,5.69
4/18/2015,-0.51
4/19/2015,0.86
4/20/2015,-2.02
4/21/2015,-10.65
4/22/2015,1.42
4/23/2015,-2.41
4/24/2015,4.70
4/25/2015,4.85
4/26/2015,6.98
4/27/2015,-9.86
4/28/2015,3.12
4/29/2015,-0.22
4/30/2015,-10.46
5/1/2015,3.86
5/2/2015,-2.59
5/3/2015,-5.48
5/4/2015,1.34
5/5/2015,2.73
5/6/2015,6.47
5/7/2015,-7.67
5/8/2015,-6.66
5/9/2015,1.94
5/10/2015,1.43
5/11/2015,-1.86
5/12/2015,1.04
5/13/2015,5.02
5/14/2015,-0.72
5/15/2015,-0.64
5/16/2015,1.49
5/17/2015,-0.79
5/18/2015,3.76
5/19/2015,1.09
5/20/2015,-2.13
5/21/2015,-1.32
5/22/2015,-5.03
5/23/2015,1.42
5/24/2015,-1.97
5/25/2015,3.82
5/26/2015,-0.02
5/27/2015,-0.21
5/28/2015,-0.15
5/29/2015,0.28
5/30/2015,3.74
5/31/2015,2.94
6/1/2015,7.30
6/2/2015,-2.91
6/3/2015,-0.13
6/4/2015,1.45
6/5/2015,-0.80
6/6/2015,-0.61
6/7/2015,2.72
6/8/2015,-5.61
6/9/2015,-0.51
6/10/2015,0.19
6/11/2015,-0.86
6/12/2015,-0.27
6/13/2015,-2.48
6/14/2015,-1.10
6/15/2015,-3.40
6/16/2015,-14.14
6/17/2015,1.54
6/18/2015,0.42
6/19/2015,4.43
6/20/2015,-0.68
6/21/2015,1.16
6/22/2015,-3.02
6/23/2015,2.63
6/24/2015,3.77
6/25/2015,-2.43
6/26/2015,-0.99
6/27/2015,-7.44
6/28/2015,1.95
6/29/2015,-8.34
6/30/2015,-6.03
7/1/2015,4.73
7/2/2015,3.14
7/3/2015,-0.88
7/4/2015,-4.40
7/5/2015,-11.11
7/6/2015,2.08
7/7/2015,3.75
7/8/2015,-4.81
7/9/2015,1.60
7/10/2015,-15.73
7/11/2015,-8.23
7/12/2015,-17.73
7/13/2015,18.78
7/14/2015,4.57
7/15/2015,2.22
7/16/2015,7.95
7/17/2015,-1.38
7/18/2015,4.43
7/19/2015,1.16
7/20/2015,-5.48
7/21/2015,3.05
7/22/2015,-1.56
7/23/2015,1.29
7/24/2015,-12.27
7/25/2015,-0.54
7/26/2015,-4.05
7/27/2015,-0.98
7/28/2015,-0.80
7/29/2015,4.89
7/30/2015,1.38
7/31/2015,3.05
8/1/2015,3.09
8/2/2015,-2.16
8/3/2015,1.58
8/4/2015,-3.99
8/5/2015,2.97
8/6/2015,3.33
8/7/2015,-0.84
8/8/2015,18.74
8/9/2015,-3.96
8/10/2015,1.01
8/11/2015,-6.05
8/12/2015,4.22
8/13/2015,2.10
8/14/2015,-1.55
8/15/2015,3.98
8/16/2015,3.36
8/17/2015,0.51
8/18/2015,46.85
8/19/2015,-1.01
8/20/2015,-8.45
8/21/2015,2.78
8/22/2015,2.27
8/23/2015,2.21
8/24/2015,17.62
8/25/2015,-11.54
8/26/2015,-3.75
8/27/2015,1.28
8/28/2015,-6.70
8/29/2015,1.77
8/30/2015,1.14
8/31/2015,-0.95
9/1/2015,2.14
9/2/2015,-1.25
9/3/2015,2.14
9/4/2015,-3.09
9/5/2015,-4.82
9/6/2015,-4.97
9/7/2015,0.08
9/8/2015,-3.76
9/9/2015,5.24
9/10/2015,-0.14
9/11/2015,-1.78
9/12/2015,4.62
9/13/2015,4.73
9/14/2015,-0.03
9/15/2015,0.19
9/16/2015,1.16
9/17/2015,-0.73
9/18/2015,0.54
9/19/2015,1.37
9/20/2015,0.19
9/21/2015,4.13
9/22/2015,-3.65
9/23/2015,0.66
9/24/2015,-4.17
9/25/2015,-0.78
9/26/2015,0.74
9/27/2015,1.38
9/28/2015,-6.30
9/29/2015,2.33
9/30/2015,0.58
10/1/2015,-1.55
10/2/2015,-0.03
10/3/2015,-1.53
10/4/2015,0.27
10/5/2015,-2.23
10/6/2015,-5.70
10/7/2015,3.20
10/8/2015,0.77
10/9/2015,-1.43
10/10/2015,-1.20
10/11/2015,-2.31
10/12/2015,1.56
10/13/2015,-4.31
10/14/2015,-2.50
10/15/2015,-2.21
10/16/2015,-8.57
10/17/2015,-7.89
10/18/2015,9.27
10/19/2015,-1.58
10/20/2015,-5.89
10/21/2015,3.04
10/22/2015,-7.52
10/23/2015,-2.85
10/24/2015,-5.15
10/25/2015,-2.23
10/26/2015,-1.67
10/27/2015,-8.61
10/28/2015,-10.92
10/29/2015,-9.54
10/30/2015,-14.08
10/31/2015,14.34
11/1/2015,-10.42
11/2/2015,-35.25
11/3/2015,-41.55
11/4/2015,-7.90
11/5/2015,21.73
11/6/2015,13.58
11/7/2015,-12.21
11/8/2015,10.91
11/9/2015,-5.94
11/10/2015,43.16
11/11/2015,28.74
11/12/2015,-24.07
11/13/2015,1.75
11/14/2015,3.71
11/15/2015,12.88
11/16/2015,-11.02
11/17/2015,-4.73
11/18/2015,0.00
11/19/2015,8.53
11/20/2015,4.39
11/21/2015,-4.84
11/22/2015,2.44
11/23/2015,1.30
11/24/2015,2.96
11/25/2015,-8.16
11/26/2015,-24.38
11/27/2015,-6.18
11/28/2015,-0.24
11/29/2015,-13.82
11/30/2015,-5.88
12/1/2015,14.92
12/2/2015,2.66
12/3/2015,-1.72
12/4/2015,-1.92
12/5/2015,-25.23
12/6/2015,0.77
12/7/2015,-5.56
12/8/2015,-19.81
12/9/2015,-3.12
12/10/2015,2.51
12/11/2015,-36.66
12/12/2015,17.33
12/13/2015,-2.10
12/14/2015,-10.91
12/15/2015,-21.44
12/16/2015,10.28
12/17/2015,-1.30
12/18/2015,-7.77
12/19/2015,1.23
12/20/2015,19.55
12/21/2015,4.20
12/22/2015,0.87
12/23/2015,-5.68
12/24/2015,-11.89
12/25/2015,-0.79
12/26/2015,38.49
12/27/2015,-6.31
12/28/2015,1.06
12/29/2015,-10.88
12/30/2015,6.68
12/31/2015,-4.69
1/1/2016,-3.61
1/2/2016,1.18
1/3/2016,3.57
1/4/2016,-3.03
1/5/2016,1.11
1/6/2016,2.75
1/7/2016,-28.04
1/8/2016,4.31
1/9/2016,5.77
1/10/2016,0.25
1/11/2016,0.27
1/12/2016,12.49
1/13/2016,2.30
1/14/2016,1.98
1/15/2016,65.93
1/16/2016,-22.47
1/17/2016,4.85
1/18/2016,-5.44
1/19/2016,6.88
1/20/2016,-40.49
1/21/2016,9.37
1/22/2016,27.26
1/23/2016,-5.06
1/24/2016,-14.87
1/25/2016,10.59
1/26/2016,-0.15
1/27/2016,-2.53
1/28/2016,14.86
1/29/2016,0.64
1/30/2016,0.60
1/31/2016,9.52
2/1/2016,-3.71
2/2/2016,-1.53
2/3/2016,4.70
2/4/2016,-19.42
2/5/2016,2.35
2/6/2016,10.07
2/7/2016,-0.11
2/8/2016,3.31
2/9/2016,-2.61
2/10/2016,-5.50
2/11/2016,2.46
2/12/2016,-4.57
2/13/2016,-7.22
2/14/2016,-14.30
2/15/2016,7.39
2/16/2016,-6.06
2/17/2016,-8.66
2/18/2016,-5.80
2/19/2016,1.94
2/20/2016,-15.56
2/21/2016,-1.03
2/22/2016,1.24
2/23/2016,17.52
2/24/2016,-3.99
2/25/2016,0.50
2/26/2016,-7.52
2/27/2016,0.32
2/28/2016,-0.93
2/29/2016,-4.26
3/1/2016,2.80
3/2/2016,11.14
3/3/2016,2.26
3/4/2016,10.90
3/5/2016,10.21
3/6/2016,-7.19
3/7/2016,-6.56
3/8/2016,0.49
3/9/2016,-0.97
3/10/2016,-2.39
3/11/2016,-4.45
3/12/2016,9.99
3/13/2016,-2.42
3/14/2016,-2.24
3/15/2016,-0.44
3/16/2016,-0.12
3/17/2016,-2.73
3/18/2016,11.00
3/19/2016,-1.17
3/20/2016,-3.36
3/21/2016,0.11
3/22/2016,-4.96
3/23/2016,0.12
3/24/2016,2.03
3/25/2016,-0.67
3/26/2016,-0.59
3/27/2016,-8.63
3/28/2016,2.32
3/29/2016,7.78
3/30/2016,2.01
3/31/2016,-1.47
4/1/2016,-1.20
4/2/2016,-2.45
4/3/2016,0.27
4/4/2016,-0.14
4/5/2016,-3.01
4/6/2016,0.87
4/7/2016,0.88
4/8/2016,2.56
4/9/2016,1.40
4/10/2016,-1.97
4/11/2016,-0.61
4/12/2016,-2.35
4/13/2016,1.90
4/14/2016,-0.35
4/15/2016,-5.28
4/16/2016,-0.99
4/17/2016,3.24
4/18/2016,-0.98
4/19/2016,-6.81
4/20/2016,-6.07
4/21/2016,-8.00
4/22/2016,3.95
4/23/2016,-4.42
4/24/2016,-7.99
4/25/2016,-2.31
4/26/2016,-4.44
4/27/2016,21.57
4/28/2016,-3.97
4/29/2016,-5.69
4/30/2016,6.86
5/1/2016,-3.40
5/2/2016,7.26
5/3/2016,-5.57
5/4/2016,3.46
5/5/2016,-1.27
5/6/2016,-11.66
5/7/2016,1.10
5/8/2016,-0.12
5/9/2016,-2.27
5/10/2016,9.63
5/11/2016,-1.87
5/12/2016,-2.32
5/13/2016,-0.82
5/14/2016,0.15
5/15/2016,-1.81
5/16/2016,3.43
5/17/2016,0.23
5/18/2016,-0.93
5/19/2016,15.81
5/20/2016,-4.89
5/21/2016,-0.22
5/22/2016,3.90
5/23/2016,-4.80
5/24/2016,-1.69
5/25/2016,-3.54
5/26/2016,-3.71
5/27/2016,-19.94
5/28/2016,-57.01
5/29/2016,1.25
5/30/2016,-5.39
5/31/2016,2.80
6/1/2016,-5.81
6/2/2016,-1.45
6/3/2016,-31.51
6/4/2016,-3.02
6/5/2016,-1.67
6/6/2016,-10.94
6/7/2016,8.85
6/8/2016,-4.48
6/9/2016,7.57
6/10/2016,-1.63
6/11/2016,-28.06
6/12/2016,-63.10
6/13/2016,-32.73
6/14/2016,18.94
6/15/2016,-8.79
6/16/2016,-69.79
6/17/2016,19.58
6/18/2016,-7.47
6/19/2016,-7.09
6/20/2016,26.70
6/21/2016,69.23
6/22/2016,69.79
6/23/2016,-26.54
6/24/2016,-39.72
6/25/2016,0.16
6/26/2016,36.56
6/27/2016,-25.93
6/28/2016,11.10
6/29/2016,4.23
6/30/2016,-32.75
7/1/2016,-3.78
7/2/2016,-26.97
7/3/2016,46.31
7/4/2016,-24.86
7/5/2016,12.58
7/6/2016,-6.91
7/7/2016,37.53
7/8/2016,-25.83
7/9/2016,15.42
7/10/2016,1.24
7/11/2016,0.82
7/12/2016,-16.27
7/13/2016,10.33
7/14/2016,-5.16
7/15/2016,-4.09
7/16/2016,3.01
7/17/2016,-17.47
7/18/2016,6.70
7/19/2016,-0.12
7/20/2016,7.13
7/21/2016,0.22
7/22/2016,14.30
7/23/2016,-4.83
7/24/2016,-5.87
7/25/2016,7.16
7/26/2016,2.45
7/27/2016,-2.72
7/28/2016,-0.54
7/29/2016,-1.88
7/30/2016,1.96
7/31/2016,30.42
8/1/2016,18.33
8/2/2016,58.93
8/3/2016,-17.69
8/4/2016,-11.96
8/5/2016,3.24
8/6/2016,-12.75
8/7/2016,-4.92
8/8/2016,1.69
8/9/2016,3.24
8/10/2016,-4.45
8/11/2016,3.00
8/12/2016,1.24
8/13/2016,1.77
8/14/2016,15.12
8/15/2016,3.25
8/16/2016,-10.20
8/17/2016,4.54
8/18/2016,-0.61
8/19/2016,-1.29
8/20/2016,-5.62
8/21/2016,0.63
8/22/2016,-5.44
8/23/2016,3.36
8/24/2016,3.23
8/25/2016,2.42
8/26/2016,-1.90
8/27/2016,9.50
8/28/2016,-4.08
8/29/2016,-0.04
8/30/2016,-3.39
8/31/2016,2.12
9/1/2016,3.25
9/2/2016,-3.13
9/3/2016,-22.66
9/4/2016,-10.04
9/5/2016,2.40
9/6/2016,-3.93
9/7/2016,-3.97
9/8/2016,-11.68
9/9/2016,3.49
9/10/2016,-0.58
9/11/2016,16.70
9/12/2016,-1.23
9/13/2016,-1.21
9/14/2016,-1.84
9/15/2016,3.43
9/16/2016,0.28
9/17/2016,1.24
9/18/2016,-3.59
9/19/2016,0.64
9/20/2016,0.94
9/21/2016,6.44
9/22/2016,0.98
9/23/2016,-6.64
9/24/2016,0.34
9/25/2016,1.92
9/26/2016,-7.23
9/27/2016,1.85
9/28/2016,1.51
9/29/2016,-0.67
9/30/2016,-4.01
10/1/2016,-4.05
10/2/2016,3.06
10/3/2016,-1.16
10/4/2016,1.85
10/5/2016,-2.29
10/6/2016,-0.55
10/7/2016,-4.51
10/8/2016,-1.77
10/9/2016,2.42
10/10/2016,-2.17
10/11/2016,-21.83
10/12/2016,4.68
10/13/2016,-0.76
10/14/2016,-3.37
10/15/2016,1.66
10/16/2016,-2.55
10/17/2016,2.63
10/18/2016,1.45
10/19/2016,7.61
10/20/2016,-0.20
10/21/2016,-2.00
10/22/2016,-24.15
10/23/2016,0.55
10/24/2016,3.40
10/25/2016,-3.59
10/26/2016,-20.62
10/27/2016,-10.10
10/28/2016,-1.65
10/29/2016,-24.19
10/30/2016,12.26
10/31/2016,1.67
11/1/2016,-28.45
11/2/2016,-10.76
11/3/2016,53.65
11/4/2016,-14.11
11/5/2016,0.11
11/6/2016,-7.71
11/7/2016,7.61
11/8/2016,-6.76
11/9/2016,-13.44
11/10/2016,7.31
11/11/2016,-0.86
11/12/2016,11.70
11/13/2016,3.17
11/14/2016,-3.02
11/15/2016,-5.83
11/16/2016,-33.03
11/17/2016,3.90
11/18/2016,-10.88
11/19/2016,0.21
11/20/2016,20.85
11/21/2016,-7.98
11/22/2016,-11.71
11/23/2016,7.15
11/24/2016,4.33
11/25/2016,-1.21
11/26/2016,6.13
11/27/2016,3.41
11/28/2016,-3.33
11/29/2016,0.73
11/30/2016,-9.41
12/1/2016,-10.72
12/2/2016,-20.40
12/3/2016,7.09
12/4/2016,-2.23
12/5/2016,14.69
12/6/2016,-5.50
12/7/2016,-3.92
12/8/2016,-2.73
12/9/2016,-2.85
12/10/2016,-1.63
12/11/2016,5.02
12/12/2016,-10.05
12/13/2016,0.09
12/14/2016,-1.47
12/15/2016,1.98
12/16/2016,-5.95
12/17/2016,-5.66
12/18/2016,0.48
12/19/2016,-2.02
12/20/2016,-8.63
12/21/2016,-33.64
12/22/2016,-30.36
12/23/2016,-57.09
12/24/2016,23.36
12/25/2016,3.47
12/26/2016,-10.70
12/27/2016,-24.85
12/28/2016,-41.09
12/29/2016,1.62
12/30/2016,11.29
12/31/2016,-3.11
1/1/2017,-34.67
1/2/2017,-23.13
1/3/2017,-22.24
1/4/2017,-110.33
1/5/2017,143.35
1/6/2017,112.04
1/7/2017,-5.10
1/8/2017,-3.03
1/9/2017,10.41
1/10/2017,-5.24
1/11/2017,130.35
1/12/2017,-29.65
1/13/2017,-20.24
1/14/2017,6.73
1/15/2017,-3.66
1/16/2017,-9.75
1/17/2017,-76.99
1/18/2017,22.75
1/19/2017,-10.73
1/20/2017,3.14
1/21/2017,-26.24
1/22/2017,-2.46
1/23/2017,4.49
1/24/2017,17.99
1/25/2017,-9.62
1/26/2017,-15.19
1/27/2017,-1.39
1/28/2017,-1.78
1/29/2017,2.57
1/30/2017,-0.23
1/31/2017,-49.44
2/1/2017,-18.08
2/2/2017,-21.80
2/3/2017,-18.45
2/4/2017,-11.57
2/5/2017,16.18
2/6/2017,-9.75
2/7/2017,-21.21
2/8/2017,-0.75
2/9/2017,70.32
2/10/2017,6.96
2/11/2017,-15.55
2/12/2017,4.34
2/13/2017,8.25
2/14/2017,-12.82
2/15/2017,-1.27
2/16/2017,-19.79
2/17/2017,-20.09
2/18/2017,-5.21
2/19/2017,6.89
2/20/2017,-31.29
2/21/2017,-36.02
2/22/2017,-2.64
2/23/2017,-49.45
2/24/2017,-0.97
2/25/2017,26.57
2/26/2017,-20.93
2/27/2017,-16.19
2/28/2017,0.75
3/1/2017,-42.46
3/2/2017,-26.33
3/3/2017,-24.28
3/4/2017,22.28
3/5/2017,-12.83
3/6/2017,-5.36
3/7/2017,49.67
3/8/2017,73.23
3/9/2017,-38.14
3/10/2017,72.64
3/11/2017,-59.51
3/12/2017,-44.76
3/13/2017,-10.14
3/14/2017,-7.84
3/15/2017,-9.45
3/16/2017,63.52
3/17/2017,79.93
3/18/2017,125.87
3/19/2017,-60.01
3/20/2017,-16.99
3/21/2017,-65.18
3/22/2017,71.51
3/23/2017,11.46
3/24/2017,100.93
3/25/2017,-36.24
3/26/2017,7.30
3/27/2017,-73.72
3/28/2017,-2.57
3/29/2017,6.11
3/30/2017,15.78
3/31/2017,-45.15
4/1/2017,-8.79
4/2/2017,-21.56
4/3/2017,-40.86
4/4/2017,12.27
4/5/2017,9.36
4/6/2017,-56.87
4/7/2017,2.04
4/8/2017,-3.30
4/9/2017,-11.30
4/10/2017,0.17
4/11/2017,-17.55
4/12/2017,4.44
4/13/2017,31.74
4/14/2017,2.79
4/15/2017,-5.22
4/16/2017,-10.33
4/17/2017,-10.66
4/18/2017,-17.90
4/19/2017,1.84
4/20/2017,-18.00
4/21/2017,7.37
4/22/2017,-9.00
4/23/2017,24.71
4/24/2017,-40.52
4/25/2017,-15.04
4/26/2017,-15.09
4/27/2017,-35.85
4/28/2017,1.26
4/29/2017,-3.95
4/30/2017,-26.02
5/1/2017,-73.30
5/2/2017,-31.79
5/3/2017,-36.31
5/4/2017,-46.95
5/5/2017,-14.58
5/6/2017,-21.99
5/7/2017,-17.24
5/8/2017,-126.43
5/9/2017,-31.47
5/10/2017,-30.61
5/11/2017,-68.20
5/12/2017,121.52
5/13/2017,-81.79
5/14/2017,-8.05
5/15/2017,70.01
5/16/2017,7.25
5/17/2017,-112.36
5/18/2017,-69.95
5/19/2017,-90.34
5/20/2017,-100.49
5/21/2017,25.83
5/22/2017,-130.21
5/23/2017,-128.86
5/24/2017,-122.27
5/25/2017,141.26
5/26/2017,118.47
5/27/2017,157.40
5/28/2017,-101.72
5/29/2017,-96.18
5/30/2017,79.89
5/31/2017,-99.22
6/1/2017,-119.55
6/2/2017,-84.52
6/3/2017,-21.63
6/4/2017,35.98
6/5/2017,-174.41
6/6/2017,-172.36
6/7/2017,137.22
6/8/2017,-85.13
6/9/2017,-16.37
6/10/2017,-119.57
6/11/2017,-15.70
6/12/2017,293.59
6/13/2017,-36.11
6/14/2017,210.51
6/15/2017,35.00
6/16/2017,-48.99
6/17/2017,-141.87
6/18/2017,107.06
6/19/2017,-40.57
6/20/2017,-130.53
6/21/2017,20.33
6/22/2017,-14.38
6/23/2017,-37.57
6/24/2017,129.80
6/25/2017,17.84
6/26/2017,112.12
6/27/2017,-74.00
6/28/2017,-21.76
6/29/2017,28.24
6/30/2017,58.40
7/1/2017,58.05
7/2/2017,-70.07
7/3/2017,-65.50
7/4/2017,-40.64
7/5/2017,0.88
7/6/2017,-0.46
7/7/2017,89.93
7/8/2017,-51.07
7/9/2017,54.17
7/10/2017,152.69
7/11/2017,48.10
7/12/2017,-66.07
7/13/2017,44.80
7/14/2017,127.25
7/15/2017,231.26
7/16/2017,62.16
7/17/2017,-295.79
7/18/2017,-85.36
7/19/2017,49.65
7/20/2017,-547.71
7/21/2017,170.65
7/22/2017,-141.49
7/23/2017,77.70
7/24/2017,-22.16
7/25/2017,181.02
7/26/2017,48.32
7/27/2017,-133.07
7/28/2017,-129.28
7/29/2017,80.57
7/30/2017,-32.79
7/31/2017,-112.10
8/1/2017,153.04
8/2/2017,16.46
8/3/2017,-95.17
8/4/2017,-88.96
8/5/2017,-355.28
8/6/2017,43.67
8/7/2017,-166.16
8/8/2017,-49.72
8/9/2017,77.93
8/10/2017,-39.44
8/11/2017,-276.80
8/12/2017,-234.08
8/13/2017,-193.22
8/14/2017,-259.03
8/15/2017,145.06
8/16/2017,-176.29
8/17/2017,52.75
8/18/2017,163.72
8/19/2017,-55.95
8/20/2017,101.65
8/21/2017,88.74
8/22/2017,-102.17
8/23/2017,-62.51
8/24/2017,-197.08
8/25/2017,-38.78
8/26/2017,19.66
8/27/2017,-37.78
8/28/2017,1.79
8/29/2017,-189.81
8/30/2017,5.06
8/31/2017,-147.80
9/1/2017,-190.25
9/2/2017,322.65
9/3/2017,2.31
9/4/2017,355.32
9/5/2017,-148.24
9/6/2017,-220.53
9/7/2017,-10.74
9/8/2017,376.41
9/9/2017,3.75
9/10/2017,106.40
9/11/2017,-38.80
9/12/2017,38.07
9/13/2017,249.39
9/14/2017,720.42
9/15/2017,-471.22
9/16/2017,12.71
9/17/2017,23.40
9/18/2017,-474.11
9/19/2017,148.82
9/20/2017,10.41
9/21/2017,270.43
9/22/2017,-2.68
9/23/2017,-162.48
9/24/2017,113.31
9/25/2017,-244.49
9/26/2017,36.06
9/27/2017,-307.73
9/28/2017,22.40
9/29/2017,8.55
9/30/2017,-172.60
10/1/2017,-62.69
10/2/2017,-13.51
10/3/2017,90.98
10/4/2017,90.01
10/5/2017,-98.53
10/6/2017,-46.35
10/7/2017,-57.54
10/8/2017,-180.81
10/9/2017,-157.50
10/10/2017,-5.78
10/11/2017,-37.23
10/12/2017,-617.33
10/13/2017,-183.05
10/14/2017,-188.26
10/15/2017,157.77
10/16/2017,-38.02
10/17/2017,136.07
10/18/2017,13.13
10/19/2017,-124.78
10/20/2017,-303.34
10/21/2017,-34.81
10/22/2017,28.24
10/23/2017,75.68
10/24/2017,408.88
10/25/2017,-226.20
10/26/2017,-156.88
10/27/2017,118.84
10/28/2017,34.73
10/29/2017,-399.41
10/30/2017,-15.68
10/31/2017,-336.38
11/1/2017,-326.34
11/2/2017,-300.73
11/3/2017,-120.23
11/4/2017,-215.47
11/5/2017,-2.89
11/6/2017,380.46
11/7/2017,-121.28
11/8/2017,-318.31
11/9/2017,303.25
11/10/2017,555.59
11/11/2017,261.01
11/12/2017,345.38
11/13/2017,-621.24
11/14/2017,-74.27
11/15/2017,-680.78
11/16/2017,-548.45
11/17/2017,144.58
11/18/2017,-92.94
11/19/2017,-270.46
11/20/2017,-161.57
11/21/2017,134.48
11/22/2017,-175.60
11/23/2017,193.61
11/24/2017,-179.67
11/25/2017,-549.21
11/26/2017,-541.51
11/27/2017,-465.63
11/28/2017,-235.37
11/29/2017,188.79
11/30/2017,-326.81
12/1/2017,-777.00
12/2/2017,-96.30
12/3/2017,-240.50
12/4/2017,-341.80
12/5/2017,-231.00
12/6/2017,-2368.10
12/7/2017,-3633.60
12/8/2017,1233.50
12/9/2017,1345.10
12/10/2017,-287.00
12/11/2017,-1509.40
12/12/2017,-495.60
12/13/2017,1091.80
12/14/2017,-179.40
12/15/2017,-1105.60
12/16/2017,-1737.10
12/17/2017,335.00
12/18/2017,-7.80
12/19/2017,1341.60
12/20/2017,1135.70
12/21/2017,839.50
12/22/2017,2066.20
12/23/2017,-750.50
12/24/2017,682.40
12/25/2017,-30.70
12/26/2017,-2063.20
12/27/2017,325.00
12/28/2017,1257.60
12/29/2017,39.60
12/30/2017,1729.70
12/31/2017,-1258.70
1/1/2018,455.00
1/2/2018,-1357.10
1/3/2018,-222.80
1/4/2018,-328.50
1/5/2018,-1952.30
1/6/2018,-64.90
1/7/2018,1049.70
1/8/2018,1306.10
1/9/2018,528.30
1/10/2018,-384.80
1/11/2018,1562.40
1/12/2018,-526.70
1/13/2018,-407.80
1/14/2018,598.80
1/15/2018,-52.50
1/16/2018,2345.60
1/17/2018,242.50
1/18/2018,-276.10
1/19/2018,-177.60
1/20/2018,-1243.00
1/21/2018,1289.10
1/22/2018,701.70
1/23/2018,76.10
1/24/2018,-456.00
1/25/2018,162.30
1/26/2018,84.60
1/27/2018,-265.80
1/28/2018,-311.00
1/29/2018,459.10
1/30/2018,1200.50
1/31/2018,-112.90
2/1/2018,1066.76
2/2/2018,311.53
2/3/2018,-322.79
2/4/2018,898.69
2/5/2018,1315.27
2/6/2018,-702.25
2/7/2018,134.19
2/8/2018,-627.73
2/9/2018,-465.14
2/10/2018,98.18
2/11/2018,486.16
2/12/2018,-785.14
2/13/2018,328.41
2/14/2018,-894.71
2/15/2018,-678.08
2/16/2018,-98.20
2/17/2018,-905.20
2/18/2018,571.60
2/19/2018,-672.70
2/20/2018,-171.90
2/21/2018,681.80
2/22/2018,655.40
2/23/2018,-364.03
2/24/2018,474.63
2/25/2018,131.69
2/26/2018,-697.27
2/27/2018,-331.70
2/28/2018,289.30
3/1/2018,-566.00
3/2/2018,-109.00
3/3/2018,-387.80
3/4/2018,-15.20
3/5/2018,-40.90
3/6/2018,720.20
3/7/2018,838.33
3/8/2018,556.43
3/9/2018,77.14
3/10/2018,484.59
3/11/2018,-725.85
3/12/2018,397.81
3/13/2018,-21.81
3/14/2018,944.84
3/15/2018,-10.10
3/16/2018,-15.44
3/17/2018,405.03
3/18/2018,-333.16
3/19/2018,-286.53
3/20/2018,-293.80
3/21/2018,8.20
3/22/2018,210.97
3/23/2018,-143.37
3/24/2018,233.83
3/25/2018,117.03
3/26/2018,289.07
3/27/2018,366.96
3/28/2018,-117.65
3/29/2018,813.37
3/30/2018,280.93
3/31/2018,-81.05
4/1/2018,158.83
4/2/2018,-238.94
4/3/2018,-353.85
4/4/2018,602.57
4/5/2018,37.18
4/6/2018,179.64
4/7/2018,-280.58
4/8/2018,-103.54
4/9/2018,273.59
4/10/2018,-39.32
4/11/2018,-124.85
4/12/2018,-933.87
4/13/2018,5.13
4/14/2018,-111.57
4/15/2018,-329.78
4/16/2018,278.90
4/17/2018,169.57
4/18/2018,-218.99
4/19/2018,-135.04
4/20/2018,-558.95
4/21/2018,-46.79
4/22/2018,122.60
4/23/2018,-136.49
4/24/2018,-763.16
4/25/2018,855.29
4/26/2018,-414.19
4/27/2018,303.58
4/28/2018,-409.21
4/29/2018,-72.67
4/30/2018,185.56
5/1/2018,132.46
5/2/2018,-131.32
5/3/2018,-509.89
5/4/2018,-5.26
5/5/2018,-157.87
5/6/2018,190.51
5/7/2018,272.66
5/8/2018,146.05
5/9/2018,-101.45
5/10/2018,282.02
5/11/2018,611.47
5/12/2018,-63.45
5/13/2018,-208.45
5/14/2018,-3.69
5/15/2018,194.81
5/16/2018,135.58
5/17/2018,275.73
5/18/2018,-159.14
5/19/2018,8.55
5/20/2018,-266.26
5/21/2018,103.34
5/22/2018,378.09
5/23/2018,479.26
5/24/2018,-26.22
5/25/2018,112.16
5/26/2018,130.60
5/27/2018,-6.14
5/28/2018,235.32
5/29/2018,-343.13
5/30/2018,63.21
5/31/2018,-88.02
6/1/2018,-40.75
6/2/2018,-106.73
6/3/2018,-88.16
6/4/2018,208.06
6/5/2018,-132.86
6/6/2018,-28.01
6/7/2018,-27.42
6/8/2018,60.22
6/9/2018,100.54
6/10/2018,713.53
6/11/2018,-107.63
6/12/2018,323.46
6/13/2018,246.98
6/14/2018,-332.60
6/15/2018,217.50
6/16/2018,-94.71
6/17/2018,46.26
6/18/2018,-224.75
6/19/2018,-27.55
6/20/2018,-5.79
6/21/2018,50.35
6/22/2018,654.19
6/23/2018,-72.38
6/24/2018,-8.95
6/25/2018,-77.21
6/26/2018,159.88
6/27/2018,-72.73
6/28/2018,249.72
6/29/2018,-320.17
6/30/2018,-189.78
7/1/2018,25.86
7/2/2018,-233.80
7/3/2018,67.07
7/4/2018,-46.68
7/5/2018,-39.43
7/6/2018,-34.81
7/7/2018,-188.22
7/8/2018,83.92
7/9/2018,33.33
7/10/2018,409.26
7/11/2018,-63.94
7/12/2018,167.97
7/13/2018,-3.02
7/14/2018,-28.62
7/15/2018,-86.94
7/16/2018,-384.74
7/17/2018,-581.39
7/18/2018,-55.46
7/19/2018,-88.66
7/20/2018,113.27
7/21/2018,-66.57
7/22/2018,-0.69
7/23/2018,-296.40
7/24/2018,-707.76
7/25/2018,198.27
7/26/2018,225.27
7/27/2018,-214.61
7/28/2018,-23.09
7/29/2018,-12.64
7/30/2018,41.10
7/31/2018,400.76
8/1/2018,144.13
8/2/2018,67.04
8/3/2018,127.75
8/4/2018,405.82
8/5/2018,-37.40
8/6/2018,111.14
8/7/2018,205.20
8/8/2018,441.05
8/9/2018,-262.67
8/10/2018,386.71
8/11/2018,-109.94
8/12/2018,-39.04
8/13/2018,43.79
8/14/2018,87.95
8/15/2018,-87.10
8/16/2018,-40.50
8/17/2018,-239.72
8/18/2018,159.67
8/19/2018,-83.50
8/20/2018,191.98
8/21/2018,-187.69
8/22/2018,109.54
8/23/2018,-163.54
8/24/2018,-168.44
8/25/2018,-43.24
8/26/2018,47.38
8/27/2018,-173.84
8/28/2018,-205.20
8/29/2018,44.55
8/30/2018,65.53
8/31/2018,-63.61
9/1/2018,-148.44
9/2/2018,-83.14
9/3/2018,18.97
9/4/2018,-98.66
9/5/2018,568.63
9/6/2018,225.97
9/7/2018,61.85
9/8/2018,234.19
9/9/2018,-77.48
9/10/2018,-28.13
9/11/2018,10.68
9/12/2018,-34.79
9/13/2018,-163.07
9/14/2018,2.70
9/15/2018,-33.80
9/16/2018,19.50
9/17/2018,232.86
9/18/2018,-90.39
9/19/2018,-26.69
9/20/2018,-120.82
9/21/2018,-221.08
9/22/2018,13.07
9/23/2018,4.69
9/24/2018,109.36
9/25/2018,157.17
9/26/2018,-42.21
9/27/2018,-181.46
9/28/2018,34.62
9/29/2018,41.14
9/30/2018,-20.85
10/1/2018,30.23
10/2/2018,37.14
10/3/2018,51.27
10/4/2018,-78.78
10/5/2018,-48.33
10/6/2018,34.14
10/7/2018,-12.27
10/8/2018,-52.04
10/9/2018,10.44
10/10/2018,54.76
10/11/2018,330.50
10/12/2018,-35.33
10/13/2018,-7.91
10/14/2018,-2.44
10/15/2018,-303.90
10/16/2018,5.30
10/17/2018,46.09
10/18/2018,65.62
10/19/2018,12.66
10/20/2018,-28.27
10/21/2018,7.74
10/22/2018,-1.11
10/23/2018,-3.38
10/24/2018,-16.95
10/25/2018,8.36
10/26/2018,-6.31
10/27/2018,0.46
10/28/2018,-3.73
10/29/2018,159.72
10/30/2018,2.77
10/31/2018,19.38
11/1/2018,-59.64
11/2/2018,-9.52
11/3/2018,25.98
11/4/2018,-10.66
11/5/2018,-56.04
11/6/2018,-27.63
11/7/2018,-61.64
11/8/2018,68.55
11/9/2018,56.98
11/10/2018,-23.09
11/11/2018,2.36
11/12/2018,40.49
11/13/2018,13.70
11/14/2018,612.89
11/15/2018,88.12
11/16/2018,69.77
11/17/2018,24.25
11/18/2018,-63.80
11/19/2018,749.29
11/20/2018,412.06
11/21/2018,-136.63
11/22/2018,245.63
11/23/2018,13.59
11/24/2018,466.93
11/25/2018,-129.19
11/26/2018,235.94
11/27/2018,-54.77
11/28/2018,-434.95
11/29/2018,-9.85
11/30/2018,271.82
12/1/2018,-190.21
12/2/2018,60.85
12/3/2018,253.19
12/4/2018,-70.60
12/5/2018,204.90
12/6/2018,232.97
12/7/2018,92.65
12/8/2018,-54.20
12/9/2018,-141.00
12/10/2018,109.39
12/11/2018,72.96
12/12/2018,-65.49
12/13/2018,174.20
12/14/2018,69.27
12/15/2018,7.24
12/16/2018,-16.57
12/17/2018,-292.74
12/18/2018,-151.30
12/19/2018,-39.13
12/20/2018,-392.24
12/21/2018,237.16
12/22/2018,-116.10
12/23/2018,22.01
12/24/2018,-78.27
12/25/2018,265.54
12/26/2018,-37.63
12/27/2018,199.86
12/28/2018,-270.79
12/29/2018,112.08
12/30/2018,-43.57
12/31/2018,124.14
1/1/2019,-96.81
1/2/2019,-94.19
1/3/2019,94.31
1/4/2019,-25.68
1/5/2019,6.78
1/6/2019,-240.11
1/7/2019,53.33
1/8/2019,-2.38
1/9/2019,-3.75
1/10/2019,355.49
1/11/2019,-13.35
1/12/2019,25.67
1/13/2019,105.92
1/14/2019,-148.74
1/15/2019,73.54
1/16/2019,-23.50
1/17/2019,-26.69
1/18/2019,20.15
1/19/2019,-76.19
1/20/2019,124.44
1/21/2019,24.34
1/22/2019,-29.50
1/23/2019,20.44
1/24/2019,-16.37
1/25/2019,7.62
1/26/2019,-2.74
1/27/2019,20.72
1/28/2019,113.83
1/29/2019,20.75
1/30/2019,-42.28
1/31/2019,27.62
2/1/2019,-27.40
2/2/2019,-36.43
2/3/2019,52.13
2/4/2019,8.06
2/5/2019,-11.41
2/6/2019,55.32
2/7/2019,15.46
2/8/2019,-265.40
2/9/2019,0.39
2/10/2019,-16.99
2/11/2019,47.18
2/12/2019,-10.78
2/13/2019,21.53
2/14/2019,14.29
2/15/2019,-3.44
2/16/2019,-14.52
2/17/2019,-40.48
2/18/2019,-244.34
2/19/2019,-35.43
2/20/2019,-53.13
2/21/2019,46.14
2/22/2019,-53.12
2/23/2019,-143.61
2/24/2019,335.03
2/25/2019,-75.70
2/26/2019,24.34
2/27/2019,6.43
2/28/2019,-6.53
3/1/2019,-5.82
3/2/2019,-9.10
3/3/2019,15.09
3/4/2019,83.53
3/5/2019,-136.55
3/6/2019,-6.86
3/7/2019,-8.10
3/8/2019,12.10
3/9/2019,-68.76
3/10/2019,14.57
3/11/2019,48.51
3/12/2019,-5.40
3/13/2019,6.33
3/14/2019,-18.79
3/15/2019,-34.25
3/16/2019,-84.83
3/17/2019,22.49
3/18/2019,-2.54
3/19/2019,-38.50
3/20/2019,-16.69
3/21/2019,54.62
3/22/2019,4.54
3/23/2019,-13.12
3/24/2019,12.99
3/25/2019,61.04
3/26/2019,-15.85
3/27/2019,-102.83
3/28/2019,18.47
3/29/2019,-30.07
3/30/2019,-14.52
3/31/2019,0.06
4/1/2019,-52.82
4/2/2019,-722.96
4/3/2019,-93.06
4/4/2019,48.51
4/5/2019,-113.87
4/6/2019,-23.03
4/7/2019,-136.11
4/8/2019,-89.93
4/9/2019,84.96
4/10/2019,-120.44
4/11/2019,260.59
4/12/2019,-28.34
4/13/2019,-7.74
4/14/2019,-71.96
4/15/2019,100.21
4/16/2019,-168.98
4/17/2019,-15.80
4/18/2019,-46.91
4/19/2019,-5.66
4/20/2019,-33.73
4/21/2019,21.35
4/22/2019,-86.88
4/23/2019,-172.99
4/24/2019,106.64
4/25/2019,256.00
4/26/2019,-69.05
4/27/2019,11.18
4/28/2019,-13.39
4/29/2019,37.51
4/30/2019,-103.00
5/1/2019,-51.79
5/2/2019,-102.86
5/3/2019,-262.74
5/4/2019,-61.97
5/5/2019,35.36
5/6/2019,44.88
5/7/2019,-83.90
5/8/2019,-132.98
5/9/2019,-192.21
5/10/2019,-203.03
5/11/2019,-825.10
5/12/2019,231.14
5/13/2019,-843.74
5/14/2019,-186.54
5/15/2019,-215.80
5/16/2019,309.59
5/17/2019,543.03
5/18/2019,70.45
5/19/2019,-929.73
5/20/2019,218.61
5/21/2019,14.64
5/22/2019,276.22
5/23/2019,-204.58
5/24/2019,-105.67
5/25/2019,-60.65
5/26/2019,-618.01
5/27/2019,-131.71
5/28/2019,82.80
5/29/2019,59.10
5/30/2019,342.29
5/31/2019,-254.21
6/1/2019,9.82
6/2/2019,-177.49
6/3/2019,532.75
6/4/2019,503.22
6/5/2019,-119.89
6/6/2019,-2.39
6/7/2019,-217.05
6/8/2019,82.64
6/9/2019,261.59
6/10/2019,-308.05
6/11/2019,76.53
6/12/2019,-220.43
6/13/2019,-85.37
6/14/2019,-462.93
6/15/2019,-148.63
6/16/2019,-153.05
6/17/2019,-331.43
6/18/2019,253.71
6/19/2019,-194.79
6/20/2019,-254.10
6/21/2019,-619.49
6/22/2019,-525.77
6/23/2019,-158.68
6/24/2019,-157.36
6/25/2019,-783.72
6/26/2019,-1237.65
6/27/2019,1834.32
6/28/2019,-1245.16
6/29/2019,441.39
6/30/2019,1114.83
7/1/2019,213.80
7/2/2019,-213.00
7/3/2019,-1143.11
7/4/2019,757.28
7/5/2019,224.64
7/6/2019,-226.01
7/7/2019,-233.23
7/8/2019,-839.36
7/9/2019,-289.48
7/10/2019,415.03
7/11/2019,781.05
7/12/2019,-461.69
7/13/2019,420.75
7/14/2019,1124.96
7/15/2019,-637.25
7/16/2019,1419.01
7/17/2019,-222.59
7/18/2019,-967.98
7/19/2019,123.23
7/20/2019,-241.32
7/21/2019,178.42
7/22/2019,253.84
7/23/2019,445.98
7/24/2019,75.80
7/25/2019,-102.74
7/26/2019,42.83
7/27/2019,393.49
7/28/2019,-61.23
7/29/2019,29.03
7/30/2019,-85.09
7/31/2019,-481.58
8/1/2019,-322.23
8/2/2019,-116.13
8/3/2019,-302.45
8/4/2019,-148.55
8/5/2019,-844.91
8/6/2019,333.37
8/7/2019,-465.78
8/8/2019,-12.37
8/9/2019,90.53
8/10/2019,507.54
8/11/2019,-173.84
8/12/2019,145.57
8/13/2019,489.22
8/14/2019,837.79
8/15/2019,-273.13
8/16/2019,-54.92
8/17/2019,126.98
8/18/2019,-112.80
8/19/2019,-565.77
8/20/2019,153.12
8/21/2019,626.52
8/22/2019,11.46
8/23/2019,-271.65
8/24/2019,247.68
8/25/2019,22.22
8/26/2019,-244.52
8/27/2019,187.33
8/28/2019,449.01
8/29/2019,246.59
8/30/2019,-83.33
8/31/2019,-33.12
9/1/2019,-127.38
9/2/2019,-589.29
9/3/2019,-277.81
9/4/2019,26.69
9/5/2019,12.65
9/6/2019,224.90
9/7/2019,-163.32
9/8/2019,76.83
9/9/2019,108.26
9/10/2019,220.43
9/11/2019,-55.33
9/12/2019,-233.31
9/13/2019,54.81
9/14/2019,-12.65
9/15/2019,8.76
9/16/2019,70.43
9/17/2019,40.24
9/18/2019,49.55
9/19/2019,-65.92
9/20/2019,84.68
9/21/2019,163.93
9/22/2019,-46.27
9/23/2019,338.64
9/24/2019,1108.75
9/25/2019,116.44
9/26/2019,368.70
9/27/2019,-138.75
9/28/2019,5.35
9/29/2019,141.85
9/30/2019,-189.64
10/1/2019,-43.56
10/2/2019,-48.83
10/3/2019,130.78
10/4/2019,53.55
10/5/2019,58.65
10/6/2019,161.72
10/7/2019,-256.50
10/8/2019,18.07
10/9/2019,-365.90
10/10/2019,-1.19
10/11/2019,263.50
10/12/2019,-20.89
10/13/2019,15.89
10/14/2019,-53.86
10/15/2019,168.09
10/16/2019,157.14
10/17/2019,-56.10
10/18/2019,127.72
10/19/2019,-14.76
10/20/2019,-224.27
10/21/2019,-18.60
10/22/2019,165.20
10/23/2019,561.56
10/24/2019,16.24
10/25/2019,-1170.00
10/26/2019,-577.39
10/27/2019,-310.00
10/28/2019,308.95
10/29/2019,-179.25
10/30/2019,216.73
10/31/2019,2.88
11/1/2019,-67.11
11/2/2019,-64.94
11/3/2019,89.44
11/4/2019,-177.00
11/5/2019,70.47
11/6/2019,-20.02
11/7/2019,84.83
11/8/2019,460.49
11/9/2019,-4.11
11/10/2019,-243.04
11/11/2019,299.13
11/12/2019,-55.91
11/13/2019,3.77
11/14/2019,103.85
11/15/2019,213.72
11/16/2019,-59.59
11/17/2019,-28.51
11/18/2019,264.69
11/19/2019,98.98
11/20/2019,176.34
11/21/2019,380.89
11/22/2019,346.99
11/23/2019,-101.64
11/24/2019,350.71
11/25/2019,-106.15
11/26/2019,-73.21
11/27/2019,-310.78
11/28/2019,73.71
11/29/2019,-294.51
11/30/2019,194.43
12/1/2019,147.33
12/2/2019,102.05
12/3/2019,3.83
12/4/2019,68.10
12/5/2019,-195.07
12/6/2019,-96.44
12/7/2019,-8.97
12/8/2019,-13.01
12/9/2019,160.90
12/10/2019,119.01
12/11/2019,59.77
12/12/2019,-26.39
12/13/2019,-25.02
12/14/2019,144.23
12/15/2019,-28.06
12/16/2019,221.18
12/17/2019,290.80
12/18/2019,-629.10
12/19/2019,74.75
12/20/2019,-10.18
12/21/2019,29.43
12/22/2019,-320.40
12/23/2019,153.27
12/24/2019,31.86
12/25/2019,50.60
12/26/2019,35.83
12/27/2019,-51.95
12/28/2019,-28.96
12/29/2019,-105.00
12/30/2019,127.27
12/31/2019,100.84
1/1/2020,-5.28
1/2/2020,217.08
1/3/2020,-360.45
1/4/2020,-65.28
1/5/2020,-0.87
1/6/2020,-358.77
1/7/2020,-395.01
1/8/2020,82.08
1/9/2020,203.23
1/10/2020,-288.24
1/11/2020,124.65
1/12/2020,-159.23
1/13/2020,45.58
1/14/2020,-686.83
1/15/2020,18.33
1/16/2020,88.69
1/17/2020,-203.83
1/18/2020,-15.60
1/19/2020,235.20
1/20/2020,46.99
1/21/2020,-86.90
1/22/2020,63.33
1/23/2020,274.13
1/24/2020,-39.86
1/25/2020,72.27
1/26/2020,-232.42
1/27/2020,-312.51
1/28/2020,-446.07
1/29/2020,40.84
1/30/2020,-192.97
1/31/2020,157.78
2/1/2020,-46.52
2/2/2020,45.45
2/3/2020,51.16
2/4/2020,111.88
2/5/2020,-430.00
2/6/2020,-111.98
2/7/2020,-69.94
2/8/2020,-72.05
2/9/2020,-252.78
2/10/2020,258.95
2/11/2020,-352.35
2/12/2020,-123.66
2/13/2020,109.58
2/14/2020,-100.57
2/15/2020,424.44
2/16/2020,-45.25
2/17/2020,246.42
2/18/2020,-450.77
2/19/2020,510.41
2/20/2020,20.85
2/21/2020,-74.66
2/22/2020,24.53
2/23/2020,-261.20
2/24/2020,271.41
2/25/2020,309.60
2/26/2020,517.77
2/27/2020,40.60
2/28/2020,116.27
2/29/2020,71.70
3/1/2020,37.31
3/2/2020,-306.41
3/3/2020,77.60
3/4/2020,33.29
3/5/2020,-318.47
3/6/2020,-44.24
3/7/2020,211.65
3/8/2020,800.09
3/9/2020,187.51
3/10/2020,12.42
3/11/2020,-1.34
3/12/2020,2942.83
3/13/2020,-545.88
3/14/2020,372.71
3/15/2020,-191.24
3/16/2020,370.75
3/17/2020,-223.05
3/18/2020,-11.33
3/19/2020,-945.77
3/20/2020,-7.13
3/21/2020,21.45
3/22/2020,355.31
3/23/2020,-584.94
3/24/2020,-298.16
3/25/2020,57.66
3/26/2020,-41.27
3/27/2020,249.59
3/28/2020,225.06
3/29/2020,323.58
3/30/2020,-504.30
3/31/2020,-8.03
4/1/2020,-169.46
4/2/2020,-186.84
4/3/2020,64.01
4/4/2020,-129.15
4/5/2020,71.41
4/6/2020,-483.73
4/7/2020,97.23
4/8/2020,-154.82
4/9/2020,35.88
4/10/2020,438.33
4/11/2020,8.36
4/12/2020,-113.02
4/13/2020,120.58
4/14/2020,0.85
4/15/2020,203.45
4/16/2020,-476.35
4/17/2020,20.37
4/18/2020,-165.38
4/19/2020,71.50
4/20/2020,304.91
4/21/2020,-0.54
4/22/2020,-237.77
4/23/2020,-308.41
4/24/2020,-116.72
4/25/2020,-19.46
4/26/2020,-109.73
4/27/2020,-116.18
4/28/2020,-10.09
4/29/2020,-994.33
4/30/2020,139.12
5/1/2020,-191.99
5/2/2020,-119.54
5/3/2020,86.14
5/4/2020,-16.90
5/5/2020,-90.24
5/6/2020,-261.32
5/7/2020,-689.62
5/8/2020,93.49
5/9/2020,247.01
5/10/2020,834.74
5/11/2020,153.74
5/12/2020,-194.09
5/13/2020,-464.60
5/14/2020,-462.39
5/15/2020,406.09
5/16/2020,-43.77
5/17/2020,-295.81
5/18/2020,-50.88
5/19/2020,-1.98
5/20/2020,202.35
5/21/2020,440.98
5/22/2020,-102.25
5/23/2020,-24.23
5/24/2020,421.91
5/25/2020,-120.82
5/26/2020,74.54
5/27/2020,-343.64
5/28/2020,-340.80
5/29/2020,89.24
5/30/2020,-261.50
5/31/2020,239.05
6/1/2020,-703.66
6/2/2020,633.17
6/3/2020,-122.96
6/4/2020,-144.79
6/5/2020,134.69
6/6/2020,11.22
6/7/2020,-105.85
6/8/2020,-11.43
6/9/2020,-21.34
6/10/2020,-75.97
6/11/2020,548.30
6/12/2020,-160.15
6/13/2020,5.46
6/14/2020,90.76
6/15/2020,-64.66
6/16/2020,-83.75
6/17/2020,53.53
6/18/2020,69.73
6/19/2020,122.27
6/20/2020,-41.38
6/21/2020,27.30
6/22/2020,-347.80
6/23/2020,14.42
6/24/2020,318.54
6/25/2020,49.32
6/26/2020,98.08
6/27/2020,122.43
6/28/2020,-95.12
6/29/2020,-50.82
6/30/2020,47.59
7/1/2020,-82.34
7/2/2020,107.73
7/3/2020,37.54
7/4/2020,-48.26
7/5/2020,52.15
7/6/2020,-302.62
7/7/2020,96.88
7/8/2020,-175.31
7/9/2020,150.02
7/10/2020,-5.45
7/11/2020,37.16
7/12/2020,-35.45
7/13/2020,33.60
7/14/2020,-4.51
7/15/2020,49.06
7/16/2020,59.75
7/17/2020,-19.58
7/18/2020,-7.86
7/19/2020,-27.81
7/20/2020,22.99
7/21/2020,-212.38
7/22/2020,-150.28
7/23/2020,-53.93
7/24/2020,48.62
7/25/2020,-137.62
7/26/2020,-224.94
7/27/2020,-1085.65
7/28/2020,104.64
7/29/2020,-187.52
7/30/2020,-11.38
7/31/2020,-213.26
8/1/2020,-437.02
8/2/2020,705.15
8/3/2020,-202.58
8/4/2020,40.31
8/5/2020,-543.20
8/6/2020,-29.90
8/7/2020,177.42
8/8/2020,-149.50
8/9/2020,61.59
8/10/2020,-215.85
8/11/2020,471.12
8/12/2020,-180.33
8/13/2020,-195.73
8/14/2020,3.79
8/15/2020,-97.00
8/16/2020,-26.11
8/17/2020,-358.74
8/18/2020,260.67
8/19/2020,232.60
8/20/2020,-116.87
8/21/2020,285.54
8/22/2020,-96.35
8/23/2020,14.85
8/24/2020,-110.91
8/25/2020,407.46
8/26/2020,-121.47
8/27/2020,162.21
8/28/2020,-217.20
8/29/2020,34.18
8/30/2020,-202.80
8/31/2020,32.49
9/1/2020,-291.16
9/2/2020,550.79
9/3/2020,1161.89
9/4/2020,-281.44
9/5/2020,342.96
9/6/2020,-113.13
9/7/2020,-88.56
9/8/2020,237.79
9/9/2020,-108.20
9/10/2020,-120.81
9/11/2020,-31.89
9/12/2020,-32.31
9/13/2020,128.64
9/14/2020,-352.11
9/15/2020,-119.20
9/16/2020,-177.15
9/17/2020,24.26
9/18/2020,7.23
9/19/2020,-160.60
9/20/2020,157.60
9/21/2020,472.67
9/22/2020,-78.84
9/23/2020,289.30
9/24/2020,-511.28
9/25/2020,68.39
9/26/2020,-55.14
9/27/2020,-28.38
9/28/2020,66.96
9/29/2020,-134.99
9/30/2020,59.38
10/1/2020,175.80
10/2/2020,43.85
10/3/2020,25.77
10/4/2020,-119.14
10/5/2020,-116.81
10/6/2020,191.90
10/7/2020,-65.61
10/8/2020,-246.32
10/9/2020,-136.55
10/10/2020,-237.22
10/11/2020,-88.10
10/12/2020,-162.72
10/13/2020,122.82
10/14/2020,-0.46
10/15/2020,-68.75
10/16/2020,180.71
10/17/2020,-35.98
10/18/2020,-127.38
10/19/2020,-247.00
10/20/2020,-170.36
10/21/2020,-910.61
10/22/2020,-164.25
10/23/2020,40.01
10/24/2020,-176.49
10/25/2020,76.89
10/26/2020,-44.05
10/27/2020,-578.98
10/28/2020,382.92
10/29/2020,-166.58
10/30/2020,-108.65
10/31/2020,-234.47
11/1/2020,43.89
11/2/2020,186.54
11/3/2020,-399.85
11/4/2020,-183.22
11/5/2020,-1446.12
11/6/2020,13.85
11/7/2020,732.13
11/8/2020,-645.82
11/9/2020,147.28
11/10/2020,41.45
11/11/2020,-410.43
11/12/2020,-575.04
11/13/2020,-41.37
11/14/2020,249.67
11/15/2020,112.55
11/16/2020,-760.53
11/17/2020,-959.72
11/18/2020,-158.82
11/19/2020,-13.23
11/20/2020,-804.23
11/21/2020,-20.91
11/22/2020,272.23
11/23/2020,5.90
11/24/2020,-742.44
11/25/2020,372.29
11/26/2020,1579.22
11/27/2020,45.51
11/28/2020,-604.48
11/29/2020,-457.85
11/30/2020,-1447.52
12/1/2020,830.77
12/2/2020,-399.35
12/3/2020,-239.47
12/4/2020,747.20
12/5/2020,-455.85
12/6/2020,-190.94
12/7/2020,151.50
12/8/2020,870.39
12/9/2020,-233.04
12/10/2020,288.31
12/11/2020,205.03
12/12/2020,-752.34
12/13/2020,-335.61
12/14/2020,-102.15
12/15/2020,-170.16
12/16/2020,-1891.78
12/17/2020,-1496.81
12/18/2020,-331.16
12/19/2020,-736.96
12/20/2020,384.48
12/21/2020,671.38
12/22/2020,-988.99
12/23/2020,540.62
12/24/2020,-495.75
12/25/2020,-931.22
12/26/2020,-1760.02
12/27/2020,167.08
12/28/2020,-803.99
12/29/2020,-280.63
12/30/2020,-1480.86
12/31/2020,-160.15
1/1/2021,-380.14
1/2/2021,-2750.81
1/3/2021,-652.61
1/4/2021,839.04
1/5/2021,-2015.39
1/6/2021,-2810.75
1/7/2021,-2537.17
1/8/2021,-1415.84
1/9/2021,534.09
1/10/2021,1897.78
1/11/2021,2779.87
1/12/2021,1593.40
1/13/2021,-3401.24
1/14/2021,-1862.22
1/15/2021,2331.34
1/16/2021,643.51
1/17/2021,372.37
1/18/2021,-837.83
1/19/2021,572.43
1/20/2021,502.36
1/21/2021,4723.70
1/22/2021,-2188.14
1/23/2021,918.12
1/24/2021,-225.00
1/25/2021,-80.59
1/26/2021,-211.24
1/27/2021,2131.48
1/28/2021,-3025.06
1/29/2021,2.28
1/30/2021,26.41
1/31/2021,1156.52
2/1/2021,-422.60
2/2/2021,-1977.09
2/3/2021,-1961.27
2/4/2021,549.04
2/5/2021,-1212.76
2/6/2021,-1127.62
2/7/2021,346.75
2/8/2021,-7309.63
2/9/2021,-296.12
2/10/2021,1551.58
2/11/2021,-3010.62
2/12/2021,372.19
2/13/2021,385.68
2/14/2021,-1602.78
2/15/2021,751.48
2/16/2021,-1255.41
2/17/2021,-2941.73
2/18/2021,461.17
2/19/2021,-4212.15
2/20/2021,-212.18
2/21/2021,-1471.38
2/22/2021,3325.42
2/23/2021,5380.50
2/24/2021,-870.24
2/25/2021,2615.23
2/26/2021,840.70
2/27/2021,156.32
2/28/2021,1056.25
3/1/2021,-4471.74
3/2/2021,1233.12
3/3/2021,-2122.42
3/4/2021,1961.13
3/5/2021,-400.27
3/6/2021,-13.15
3/7/2021,-2288.01
3/8/2021,-1072.40
3/9/2021,-2551.15
3/10/2021,-1184.54
3/11/2021,-1841.94
3/12/2021,489.13
3/13/2021,-3899.72
3/14/2021,1918.81
3/15/2021,3360.23
3/16/2021,-964.11
3/17/2021,-2045.06
3/18/2021,1034.16
3/19/2021,-496.21
3/20/2021,18.62
3/21/2021,786.49
3/22/2021,2988.75
3/23/2021,-227.29
3/24/2021,1936.22
3/25/2021,1022.59
3/26/2021,-3454.30
3/27/2021,-835.94
3/28/2021,24.19
3/29/2021,-1802.30
3/30/2021,-1167.56
3/31/2021,11.45
4/1/2021,-169.25
4/2/2021,-285.43
4/3/2021,1793.52
4/4/2021,-1153.71
4/5/2021,-297.00
4/6/2021,979.57
4/7/2021,2137.57
4/8/2021,-2224.04
4/9/2021,81.56
4/10/2021,-1539.45
4/11/2021,-358.73
4/12/2021,282.50
4/13/2021,-3613.44
4/14/2021,414.05
4/15/2021,-238.81
4/16/2021,1685.71
4/17/2021,846.10
4/18/2021,4485.71
4/19/2021,467.32
4/20/2021,-791.24
4/21/2021,2565.04
4/22/2021,2094.84
4/23/2021,646.16
4/24/2021,1092.36
4/25/2021,1048.58
4/26/2021,-4943.96
4/27/2021,-1002.82
4/28/2021,211.94
4/29/2021,1302.98
4/30/2021,-4181.52
5/1/2021,-113.39
5/2/2021,1194.78
5/3/2021,-580.02
5/4/2021,3880.64
5/5/2021,-4171.85
5/6/2021,1044.79
5/7/2021,-942.45
5/8/2021,-1451.01
5/9/2021,645.07
5/10/2021,2391.07
5/11/2021,-857.33
5/12/2021,7563.99
5/13/2021,19.24
5/14/2021,-197.56
5/15/2021,3095.31
5/16/2021,260.58
5/17/2021,2878.39
5/18/2021,578.66
5/19/2021,5942.54
5/20/2021,-4029.07
5/21/2021,3292.26
5/22/2021,-165.60
5/23/2021,2760.87
5/24/2021,-4005.62
5/25/2021,393.56
5/26/2021,-901.57
5/27/2021,879.92
5/28/2021,2809.47
5/29/2021,1068.09
5/30/2021,-1070.72
5/31/2021,-1674.27
6/1/2021,608.86
6/2/2021,-875.26
6/3/2021,-1609.36
6/4/2021,2348.07
6/5/2021,1328.20
6/6/2021,-323.77
6/7/2021,2274.56
6/8/2021,116.89
6/9/2021,-3928.14
6/10/2021,686.92
6/11/2021,-637.37
6/12/2021,1787.62
6/13/2021,-3542.07
6/14/2021,-1201.51
6/15/2021,20.90
6/16/2021,1821.63
6/17/2021,287.92
6/18/2021,2312.23
6/19/2021,238.66
6/20/2021,-135.16
6/21/2021,3964.45
6/22/2021,-883.28
6/23/2021,-1207.32
6/24/2021,-979.64
6/25/2021,3021.33
6/26/2021,-591.62
6/27/2021,-2362.12
6/28/2021,244.78
6/29/2021,-1392.22
6/30/2021,867.55
7/1/2021,1463.86
7/2/2021,-347.45
7/3/2021,-814.13
7/4/2021,-622.21
7/5/2021,1538.34
7/6/2021,-511.69
7/7/2021,370.35
7/8/2021,1012.24
7/9/2021,-936.34
7/10/2021,290.72
7/11/2021,-731.11
7/12/2021,1098.17
7/13/2021,423.44
7/14/2021,-98.50
7/15/2021,1047.15
7/16/2021,420.01
7/17/2021,-135.76
7/18/2021,-262.93
7/19/2021,982.18
7/20/2021,1030.94
7/21/2021,-2314.40
7/22/2021,-174.24
7/23/2021,-1275.59
7/24/2021,-698.72
7/25/2021,-1059.90
7/26/2021,-1953.51
7/27/2021,-2130.90
7/28/2021,-492.72
7/29/2021,-12.97
7/30/2021,-2208.07
7/31/2021,570.10
8/1/2021,1485.95
8/2/2021,705.31
8/3/2021,1025.42
8/4/2021,-1534.17
8/5/2021,-1125.03
8/6/2021,-1950.63
8/7/2021,-1723.00
8/8/2021,776.32
8/9/2021,-2573.47
8/10/2021,695.82
8/11/2021,6.06
8/12/2021,1148.59
8/13/2021,-3353.63
8/14/2021,713.74
8/15/2021,49.67
8/16/2021,1015.48
8/17/2021,1241.10
8/18/2021,-114.44
8/19/2021,-1975.70
8/20/2021,-2616.06
8/21/2021,421.58
8/22/2021,-452.54
8/23/2021,-254.47
8/24/2021,1856.23
8/25/2021,-1233.53
8/26/2021,2060.42
8/27/2021,-2164.12
8/28/2021,170.19
8/29/2021,81.42
8/30/2021,1779.87
8/31/2021,-142.35
9/1/2021,-1747.26
9/2/2021,-519.87
9/3/2021,-737.13
9/4/2021,64.70
9/5/2021,-1815.55
9/6/2021,-864.54
9/7/2021,5849.35
9/8/2021,736.37
9/9/2021,-616.68
9/10/2021,1512.75
9/11/2021,-331.62
9/12/2021,-856.64
9/13/2021,1094.14
9/14/2021,-2132.44
9/15/2021,-1078.35
9/16/2021,375.55
9/17/2021,503.48
9/18/2021,-1004.83
9/19/2021,1008.64
9/20/2021,4417.61
9/21/2021,2318.55
9/22/2021,-2896.56
9/23/2021,-1334.80
9/24/2021,2054.55
9/25/2021,124.30
9/26/2021,-486.91
9/27/2021,998.45
9/28/2021,1166.36
9/29/2021,-499.38
9/30/2021,-2239.62
10/1/2021,-4300.20
10/2/2021,425.98
10/3/2021,-519.92
10/4/2021,-903.99
10/5/2021,-2339.85
10/6/2021,-3874.79
10/7/2021,1532.64
10/8/2021,-165.71
10/9/2021,-1038.44
10/10/2021,181.24
10/11/2021,-2750.67
10/12/2021,1485.77
10/13/2021,-1362.84
10/14/2021,51.31
10/15/2021,-4248.05
10/16/2021,717.35
10/17/2021,-665.97
10/18/2021,-477.28
10/19/2021,-2218.83
10/20/2021,-1708.25
10/21/2021,3792.06
10/22/2021,1545.62
10/23/2021,-698.99
10/24/2021,437.50
10/25/2021,-2145.89
10/26/2021,2668.97
10/27/2021,1869.61
10/28/2021,-2151.41
10/29/2021,-1603.09
10/30/2021,350.53
10/31/2021,531.53
11/1/2021,316.04
11/2/2021,-2263.15
11/3/2021,284.29
11/4/2021,1489.57
11/5/2021,334.40
11/6/2021,-458.61
11/7/2021,-1772.07
11/8/2021,-4222.76
11/9/2021,577.90
11/10/2021,1958.11
11/11/2021,28.93
11/12/2021,708.04
11/13/2021,-311.41
11/14/2021,-1011.47
11/15/2021,1963.42
11/16/2021,3559.95
11/17/2021,-228.39
11/18/2021,3418.00
11/19/2021,-1223.45
11/20/2021,-1582.12
11/21/2021,1000.03
11/22/2021,2417.56
11/23/2021,-1264.52
11/24/2021,1285.42
11/25/2021,-109.26
11/26/2021,5390.52
11/27/2021,-1078.65
11/28/2021,-2435.44
11/29/2021,-514.66
11/30/2021,824.68
12/1/2021,-321.87
12/2/2021,739.55
12/3/2021,2910.91
12/4/2021,4527.18
12/5/2021,-167.33
12/6/2021,-1169.14
12/7/2021,-118.26
12/8/2021,162.85
12/9/2021,2777.96
12/10/2021,398.84
12/11/2021,-2097.88
12/12/2021,-743.48
12/13/2021,3377.26
12/14/2021,97.19
12/15/2021,-516.97
12/16/2021,1235.03
12/17/2021,1451.59
12/18/2021,-629.53
12/19/2021,146.85
12/20/2021,-173.22
12/21/2021,-2050.53
12/22/2021,308.59
12/23/2021,-2158.20
12/24/2021,-16.15
12/25/2021,425.06
12/26/2021,-380.83
12/27/2021,162.19
12/28/2021,3091.00
12/29/2021,1179.16
12/30/2021,-687.51
12/31/2021,862.92
1/1/2022,-1375.06
1/2/2022,335.71
1/3/2022,885.42
1/4/2022,561.28
1/5/2022,2330.36
1/6/2022,404.58
1/7/2022,1595.67
1/8/2022,-172.48
1/9/2022,-176.87
1/10/2022,88.97
1/11/2022,-916.35
1/12/2022,-1206.92
1/13/2022,1355.17
1/14/2022,-500.83
1/15/2022,-75.50
1/16/2022,58.16
1/17/2022,867.57
1/18/2022,-125.56
1/19/2022,629.71
1/20/2022,1063.61
1/21/2022,4242.29
1/22/2022,1441.34
1/23/2022,-1229.44
1/24/2022,-378.60
1/25/2022,-299.20
1/26/2022,98.40
1/27/2022,-296.35
1/28/2022,-655.88
1/29/2022,-357.47
1/30/2022,234.32
1/31/2022,-562.84
2/1/2022,-261.50
2/2/2022,1790.73
2/3/2022,-209.80
2/4/2022,-4351.61
2/5/2022,60.32
2/6/2022,-971.31
2/7/2022,-1433.51
2/8/2022,-263.80
2/9/2022,-242.10
2/10/2022,782.69
2/11/2022,1163.19
2/12/2022,167.83
2/13/2022,39.05
2/14/2022,-429.52
2/15/2022,-1988.74
2/16/2022,616.42
2/17/2022,3399.06
2/18/2022,521.15
2/19/2022,-96.14
2/20/2022,1686.72
2/21/2022,1347.93
2/22/2022,-1217.26
2/23/2022,988.71
2/24/2022,-1054.04
2/25/2022,-880.47
2/26/2022,107.93
2/27/2022,1388.91
2/28/2022,-5487.23
3/1/2022,-1160.14
3/2/2022,433.50
3/3/2022,1473.41
3/4/2022,3320.53
3/5/2022,-252.14
3/6/2022,984.22
3/7/2022,367.26
3/8/2022,-677.37
3/9/2022,-3240.11
3/10/2022,2536.61
3/11/2022,645.00
3/12/2022,-109.55
3/13/2022,1035.07
3/14/2022,-1820.43
3/15/2022,325.46
3/16/2022,-1808.36
3/17/2022,189.46
3/18/2022,-856.32
3/19/2022,-396.00
3/20/2022,943.59
3/21/2022,168.13
3/22/2022,-1284.70
3/23/2022,-528.58
3/24/2022,-1074.28
3/25/2022,-384.18
3/26/2022,-150.97
3/27/2022,-2315.13
3/28/2022,-306.15
3/29/2022,-365.29
3/30/2022,394.24
3/31/2022,1523.47
4/1/2022,-727.48
4/2/2022,416.55
4/3/2022,-594.44
4/4/2022,-177.41
4/5/2022,1068.52
4/6/2022,2337.62
4/7/2022,-296.35
4/8/2022,1217.48
4/9/2022,-500.06
4/10/2022,573.42
4/11/2022,2679.14
4/12/2022,-593.47
4/13/2022,-1043.16
4/14/2022,1224.70
4/15/2022,-614.06
4/16/2022,127.84
4/17/2022,700.83
4/18/2022,-1105.01
4/19/2022,-674.57
4/20/2022,127.37
4/21/2022,844.16
4/22/2022,785.54
4/23/2022,251.99
4/24/2022,9.08
4/25/2022,-985.70
4/26/2022,2330.96
4/27/2022,-1120.82
4/28/2022,-532.40
4/29/2022,1158.80
4/30/2022,890.98
5/1/2022,-755.82
5/2/2022,-57.14
5/3/2022,777.66
5/4/2022,-1950.36
5/5/2022,3120.61
5/6/2022,532.26
5/7/2022,540.55
5/8/2022,1443.67
5/9/2022,3763.07
5/10/2022,-749.26
5/11/2022,2079.82
5/12/2022,-111.02
5/13/2022,-252.19
5/14/2022,-815.63
5/15/2022,-1206.52
5/16/2022,1441.46
5/17/2022,-563.45
5/18/2022,1704.21
5/19/2022,-1593.97
5/20/2022,1110.38
5/21/2022,-232.37
5/22/2022,-891.25
5/23/2022,1210.49
5/24/2022,-554.47
5/25/2022,90.77
5/26/2022,297.56
5/27/2022,623.57
5/28/2022,-192.28
5/29/2022,-426.09
5/30/2022,-2283.02
5/31/2022,-68.44
6/1/2022,1993.47
6/2/2022,-672.60
6/3/2022,763.42
6/4/2022,-126.77
6/5/2022,-71.54
6/6/2022,-1460.39
6/7/2022,216.26
6/8/2022,937.12
6/9/2022,103.28
6/10/2022,1026.53
6/11/2022,723.86
6/12/2022,1610.86
6/13/2022,4250.19
6/14/2022,281.20
6/15/2022,-376.11
6/16/2022,2194.65
6/17/2022,-85.76
6/18/2022,1455.79
6/19/2022,-1542.37
6/20/2022,-46.17
6/21/2022,-116.31
6/22/2022,732.38
6/23/2022,-1099.27
6/24/2022,-147.01
6/25/2022,-268.73
6/26/2022,469.20
6/27/2022,292.76
6/28/2022,450.91
6/29/2022,177.15
6/30/2022,323.58
7/1/2022,551.10
7/2/2022,32.58
7/3/2022,-54.98
7/4/2022,-933.95
7/5/2022,35.23
7/6/2022,-353.63
7/7/2022,-1089.78
7/8/2022,-93.97
7/9/2022,124.62
7/10/2022,730.63
7/11/2022,885.79
7/12/2022,646.56
7/13/2022,-886.10
7/14/2022,-358.45
7/15/2022,-263.17
7/16/2022,-356.22
7/17/2022,415.70
7/18/2022,-1703.78
7/19/2022,-921.58
7/20/2022,161.46
7/21/2022,68.57
7/22/2022,448.77
7/23/2022,241.50
7/24/2022,-143.65
7/25/2022,1245.46
7/26/2022,121.37
7/27/2022,-1686.38
7/28/2022,-910.25
7/29/2022,40.58
7/30/2022,140.61
7/31/2022,315.17
8/1/2022,22.52
8/2/2022,330.31
8/3/2022,134.79
8/4/2022,217.25
8/5/2022,-662.48
8/6/2022,330.14
8/7/2022,-212.38
8/8/2022,-629.96
8/9/2022,647.16
8/10/2022,-784.74
8/11/2022,-9.18
8/12/2022,-445.62
8/13/2022,-21.88
8/14/2022,109.73
8/15/2022,181.35
8/16/2022,242.85
8/17/2022,545.32
8/18/2022,128.30
8/19/2022,2335.76
8/20/2022,-293.22
8/21/2022,-373.73
8/22/2022,132.55
8/23/2022,-127.05
8/24/2022,131.44
8/25/2022,-205.44
8/26/2022,1336.07
8/27/2022,220.74
8/28/2022,424.23
8/29/2022,-682.84
8/30/2022,501.80
8/31/2022,-250.18
9/1/2022,-76.64
9/2/2022,156.30
9/3/2022,137.63
9/4/2022,-154.24
9/5/2022,176.42
9/6/2022,980.05
9/7/2022,-452.64
9/8/2022,-39.89
9/9/2022,-2053.01
9/10/2022,-303.63
9/11/2022,-90.72
9/12/2022,-600.30
9/13/2022,2074.77
9/14/2022,-56.54
9/15/2022,541.08
9/16/2022,-68.57
9/17/2022,-350.55
9/18/2022,707.72
9/19/2022,-125.56
9/20/2022,654.80
9/21/2022,343.88
9/22/2022,-878.90
9/23/2022,114.76
9/24/2022,359.98
9/25/2022,134.21
9/26/2022,-418.77
9/27/2022,111.29
9/28/2022,-322.10
9/29/2022,-145.27
9/30/2022,141.64
10/1/2022,119.01
10/2/2022,267.74
10/3/2022,-579.51
10/4/2022,-713.26
10/5/2022,175.18
10/6/2022,205.60
10/7/2022,410.71
10/8/2022,129.76
10/9/2022,-28.95
10/10/2022,304.94
10/11/2022,87.58
10/12/2022,-104.80
10/13/2022,-225.93
10/14/2022,196.87
10/15/2022,117.81
10/16/2022,-199.18
10/17/2022,-282.20
10/18/2022,216.05
10/19/2022,195.49
10/20/2022,84.35
10/21/2022,-119.27
10/22/2022,-35.81
10/23/2022,-359.28
10/24/2022,222.20
10/25/2022,-750.90
10/26/2022,-678.20
10/27/2022,486.96
10/28/2022,-307.39
10/29/2022,-223.38
10/30/2022,182.38
10/31/2022,137.93
11/1/2022,9.63
11/2/2022,323.46
11/3/2022,-47.30
11/4/2022,-938.46
11/5/2022,-137.86
11/6/2022,358.57
11/7/2022,321.80
11/8/2022,2059.40
11/9/2022,2662.98
11/10/2022,-1703.61
11/11/2022,548.96
11/12/2022,237.69
11/13/2022,446.35
11/14/2022,-266.17
11/15/2022,-267.13
11/16/2022,214.90
11/17/2022,-17.09
11/18/2022,-9.87
11/19/2022,-15.33
11/20/2022,421.09
11/21/2022,503.94
11/22/2022,-407.47
11/23/2022,-415.12
11/24/2022,7.18
11/25/2022,80.43
11/26/2022,57.30
11/27/2022,19.25
11/28/2022,222.90
11/29/2022,-227.34
11/30/2022,-723.09
12/1/2022,200.87
12/2/2022,-119.98
12/3/2022,181.86
12/4/2022,-222.32
12/5/2022,154.06
12/6/2022,-114.26
12/7/2022,241.38
12/8/2022,-386.12
12/9/2022,99.00
12/10/2022,5.50
12/11/2022,25.52
12/12/2022,-103.94
12/13/2022,-574.88
12/14/2022,-33.58
12/15/2022,448.77
12/16/2022,717.07
12/17/2022,-148.11
12/18/2022,37.63
12/19/2022,319.36
12/20/2022,-464.51
12/21/2022,86.99
12/22/2022,-11.96
12/23/2022,32.69
12/24/2022,-50.78
12/25/2022,5.52
12/26/2022,-77.55
12/27/2022,202.12
12/28/2022,163.83
12/29/2022,-90.02
12/30/2022,38.74
12/31/2022,56.17
1/1/2023,-77.17
1/2/2023,-62.96
1/3/2023,8.99
1/4/2023,-183.03
1/5/2023,26.73
1/6/2023,-115.50
1/7/2023,-2.96
1/8/2023,-136.99
1/9/2023,-102.56
1/10/2023,-253.34
1/11/2023,-488.54
1/12/2023,-752.00
1/13/2023,-1040.66
1/14/2023,-1065.76
1/15/2023,96.68
1/16/2023,-287.41
1/17/2023,14.31
1/18/2023,472.27
1/19/2023,-400.04
1/20/2023,-1591.18
1/21/2023,-100.19
1/22/2023,57.57
1/23/2023,-213.34
1/24/2023,293.16
1/25/2023,-478.59
1/26/2023,76.18
1/27/2023,-48.01
1/28/2023,48.87
1/29/2023,-743.12
1/30/2023,934.51
1/31/2023,-298.48
2/1/2023,-585.93
2/2/2023,248.95
2/3/2023,20.09
2/4/2023,114.47
2/5/2023,376.58
2/6/2023,193.91
2/7/2023,-507.02
2/8/2023,324.02
2/9/2023,1127.53
2/10/2023,167.83
2/11/2023,-219.04
2/12/2023,82.70
2/13/2023,-21.10
2/14/2023,-418.98
2/15/2023,-2087.25
2/16/2023,683.88
2/17/2023,-944.32
2/18/2023,-75.98
2/19/2023,312.39
2/20/2023,-492.53
2/21/2023,396.70
2/22/2023,248.58
2/23/2023,243.23
2/24/2023,747.88
2/25/2023,24.74
2/26/2023,-387.06
2/27/2023,38.58
2/28/2023,374.49
3/1/2023,-495.62
3/2/2023,171.55
3/3/2023,1113.95
3/4/2023,9.57
3/5/2023,-81.37
3/6/2023,7.06
3/7/2023,208.55
3/8/2023,498.36
3/9/2023,1357.06
3/10/2023,179.76
3/11/2023,-444.53
3/12/2023,-1535.92
3/13/2023,-2041.12
3/14/2023,-544.30
3/15/2023,394.97
3/16/2023,-679.33
3/17/2023,-2368.81
3/18/2023,482.24
3/19/2023,-1069.18
3/20/2023,274.36
3/21/2023,-407.43
3/22/2023,851.28
3/23/2023,-1032.01
3/24/2023,830.82
3/25/2023,-7.37
3/26/2023,-498.81
3/27/2023,854.18
3/28/2023,-135.24
3/29/2023,-1081.41
3/30/2023,316.58
3/31/2023,-446.22
4/1/2023,62.29
4/2/2023,263.54
4/3/2023,392.86
4/4/2023,-372.82
4/5/2023,-8.25
4/6/2023,131.09
4/7/2023,113.11
4/8/2023,-27.28
4/9/2023,-380.68
4/10/2023,-1316.95
4/11/2023,-581.38
4/12/2023,92.53
4/13/2023,-506.33
4/14/2023,-76.14
4/15/2023,172.25
4/16/2023,0.62
4/17/2023,872.11
4/18/2023,-948.46
4/19/2023,1571.51
4/20/2023,577.69
4/21/2023,972.32
4/22/2023,-551.61
4/23/2023,224.76
4/24/2023,66.39
4/25/2023,-792.73
4/26/2023,-122.64
4/27/2023,-1045.33
4/28/2023,140.75
4/29/2023,88.08
4/30/2023,-23.29
5/1/2023,1135.53
5/2/2023,-593.36
5/3/2023,-325.82
5/4/2023,183.59
5/5/2023,-682.90
5/6/2023,634.24
5/7/2023,446.64
5/8/2023,756.19
5/9/2023,36.29
5/10/2023,32.88
5/11/2023,620.30
5/12/2023,182.67
5/13/2023,23.69
5/14/2023,-141.67
5/15/2023,-261.31
5/16/2023,134.86
5/17/2023,-363.33
5/18/2023,569.44
5/19/2023,-63.38
5/20/2023,-240.75
5/21/2023,364.59
5/22/2023,-101.39
5/23/2023,-369.77
5/24/2023,889.78
5/25/2023,-146.75
5/26/2023,-245.11
5/27/2023,-148.17
5/28/2023,-1214.49
5/29/2023,329.71
5/30/2023,42.77
5/31/2023,480.87
6/1/2023,398.44
6/2/2023,-425.03
6/3/2023,177.19
6/4/2023,-43.95
6/5/2023,1363.01
6/6/2023,-1506.67
6/7/2023,889.65
6/8/2023,-160.57
6/9/2023,25.54
6/10/2023,630.52
6/11/2023,-86.14
6/12/2023,31.79
6/13/2023,-15.79
6/14/2023,795.58
6/15/2023,-454.72
6/16/2023,-752.18
6/17/2023,-182.00
6/18/2023,174.25
6/19/2023,-515.59
6/20/2023,-1485.83
6/21/2023,-1715.99
6/22/2023,83.66
6/23/2023,-799.09
6/24/2023,160.04
6/25/2023,64.89
6/26/2023,209.39
6/27/2023,-413.84
6/28/2023,610.31
6/29/2023,-359.16
6/30/2023,-35.90
7/1/2023,-118.23
7/2/2023,-33.50
7/3/2023,-531.92
7/4/2023,379.29
7/5/2023,264.55
7/6/2023,597.81
7/7/2023,-434.27
7/8/2023,54.38
7/9/2023,120.38
7/10/2023,-242.05
7/11/2023,-203.32
7/12/2023,230.60
7/13/2023,-1088.56
7/14/2023,1140.65
7/15/2023,35.97
7/16/2023,48.34
7/17/2023,103.74
7/18/2023,290.51
7/19/2023,-51.87
7/20/2023,123.23
7/21/2023,-103.63
7/22/2023,136.90
7/23/2023,-294.43
7/24/2023,904.74
7/25/2023,-48.42
7/26/2023,-129.21
7/27/2023,143.11
7/28/2023,-107.09
7/29/2023,-37.47
7/30/2023,81.78
7/31/2023,48.20
8/1/2023,-444.86
8/2/2023,552.19
8/3/2023,-16.87
8/4/2023,100.29
8/5/2023,33.26
8/6/2023,1.84
8/7/2023,-142.07
8/8/2023,-585.47
8/9/2023,205.21
8/10/2023,134.38
8/11/2023,27.19
8/12/2023,-16.17
8/13/2023,133.68
8/14/2023,-125.18
8/15/2023,237.70
8/16/2023,467.29
8/17/2023,2035.25
8/18/2023,586.52
8/19/2023,-48.38
8/20/2023,-92.72
8/21/2023,64.55
8/22/2023,99.09
8/23/2023,-391.17
8/24/2023,269.15
8/25/2023,116.01
8/26/2023,38.77
8/27/2023,-81.45
8/28/2023,-16.53
8/29/2023,-1624.90
8/30/2023,428.81
8/31/2023,1370.46
9/1/2023,133.30
9/2/2023,-67.89
9/3/2023,-100.10
9/4/2023,155.75
9/5/2023,34.98
9/6/2023,30.69
9/7/2023,-491.89
9/8/2023,339.56
9/9/2023,9.75
9/10/2023,62.98
9/11/2023,669.06
9/12/2023,-672.68
9/13/2023,-390.77
9/14/2023,-311.39
9/15/2023,-74.87
9/16/2023,37.92
9/17/2023,33.74
9/18/2023,-221.29
9/19/2023,-450.27
9/20/2023,78.22
9/21/2023,562.21
9/22/2023,-15.51
9/23/2023,-0.83
9/24/2023,322.54
9/25/2023,-44.70
9/26/2023,77.51
9/27/2023,-143.22
9/28/2023,-665.74
9/29/2023,113.12
9/30/2023,-56.23
10/1/2023,-1016.35
10/2/2023,446.01
10/3/2023,160.77
